Categoría;Nº;ID;Pregunta;OpciónA;OpciónB;OpciónC;OpciónD;RespuestaApp;RespuestaKaixo;RespuestaOsasun;Trío(A=K=O);Estado;Acción;Explicación_app
Común A2 / Técnico;12;tec-comun-t02_2;Según dispone la Ley 16/2003, de 28 de mayo, de cohesión y calidad del Sistema Nacional de Salud, la ciudadanía tendrá los siguientes derechos en el conjunto del Sistema Nacional de Salud:;A recibir asistencia sanitaria en su comunidad autónoma de residencia.;A recibir el reembolso de los gastos derivados de la asistencia en la sanidad privada cuando se trate de servicios recogidos en el catálogo del SNS.;A recibir el reembolso de los gastos derivados de la asistencia sanitaria del catálogo del SNS que pudiera requerir del servicio de salud de la comunidad autónoma en la que se encuentre desplazado/a.;Ninguna de las respuestas anteriores es correcta.;B;D;A;No;Disputa triple;REVISAR MANUALMENTE: consultar texto legal;Art. 7 Ley 16/2003: La cartera de servicios comunes del SNS se establece mediante Real Decreto del Consejo de Ministros, a propuesta del Ministro de Sanidad, previo acuerdo del Consejo Interterritorial. Se actualiza periódicamente. La C recoge correctamente el procedimiento de aprobación y actualización. Respuesta C.
Común A2 / Técnico;21;tec-comun-t03_1;Según dispone la Ley 55/2003, de 16 de diciembre, del Estatuto Marco del personal estatutario de los servicios de salud, la ordenación del régimen personal estatutario de los servicios de salud se rige por una serie de principios y criterios. Señale cuales no están entre los mencionados por esta ley.;Sometimiento pleno a la ley y el derecho.;Igualdad, mérito, capacidad y promoción en el acceso a la condición de personal estatutario.;Integración en el régimen organizativo y funcional del servicio de salud y de sus centros e instituciones.;Coordinación, cooperación y mutua información entre las Administraciones sanitarias públicas.;D;B;D;No;Disputa triple;REVISAR MANUALMENTE: consultar texto legal;"Art. 2 Ley 55/2003: los principios son sometimiento pleno a la ley (a), integración en el régimen organizativo (c), coordinación y cooperación (d), entre otros. La opción B (""promoción en el acceso"") no figura literalmente como principio del art. 2; el art. 2 habla de igualdad, mérito y capacidad pero no incluye ""promoción"" en el acceso."
Común A2 / Técnico;24;tec-comun-t03_4;La pérdida de la condición de personal estatutario regulada en la Ley 55/2003, de 16 de diciembre, del Estatuto Marco, se produce:;Siempre en caso de pena de inhabilitación especial para empleo o cargo público, afecte o no al correspondiente nombramiento.;En caso de que se adopte la pena de inhabilitación absoluta sea firme o no.;En caso de que se adopte la pena de inhabilitación especial para la correspondiente profesión, siempre que esta exceda de seis años.;En caso de que se adopte la pena de inhabilitación especial para la correspondiente profesión, siempre que esta exceda de tres años.;A;B;C;No;Disputa triple;REVISAR MANUALMENTE: consultar texto legal;"Art. 26.1.e) Ley 55/2003: la pérdida de condición se produce por pena de inhabilitación especial para la profesión cuando excede de tres años (o absoluta firme, sin plazo).
[AUTO-AUDIT 2026-03-31]: Corrected based on Kaixo/Osasun consensus. Previous answer was incorrect."
Común A2 / Técnico;29;tec-comun-t03_9;La pérdida de la condición de personal estatutario de los servicios de salud se produce cuando la incapacidad permanente sea declarada:;En grado de incapacidad permanente total para la profesión habitual.;En grado de incapacidad absoluta para todo trabajo.;En grado de gran invalidez.;Todas las respuestas son correctas.;C;D;B;No;Disputa triple;REVISAR MANUALMENTE: consultar texto legal;Art. 26.1.c) Ley 55/2003: la extinción procede en los casos de incapacidad permanente total para la profesión habitual, absoluta o gran invalidez, según lo previsto en la normativa aplicable.
Común A2 / Técnico;31;tec-comun-t03_11;Para el personal estatutario de los servicios de salud, el período nocturno tendrá la siguiente duración:;Mínima de siete horas e incluirá necesariamente el período comprendido entre las cero y las cinco horas de cada día natural.;Mínima de ocho horas e incluirá necesariamente el período comprendido entre las cero y las cinco horas de cada día natural.;Mínima de ocho horas e incluirá necesariamente el período comprendido entre las doce y las cinco horas de cada día natural.;Mínima de siete horas e incluirá necesariamente el período comprendido entre las doce y las cinco horas de cada día natural.;B;A;B;No;Disputa triple;REVISAR MANUALMENTE: consultar texto legal;Art. 49.5 Ley 55/2003: el período nocturno tendrá duración mínima de siete horas e incluirá necesariamente el período entre las cero y las cinco horas de cada día natural.
Común A2 / Técnico;32;tec-comun-t03_12;Según establece la Ley 55/2003, de 16 de diciembre, del Estatuto Marco del personal estatutario de los servicios de salud:;Resulta incompatible para el personal estatutario de los servicios de salud el ejercicio de las funciones sanitarias con cualquier otro tipo de funciones.;Al personal estatutario de los servicios de salud le resulta aplicable el mismo régimen de incompatibilidades establecido para el personal funcionario.;Atendiendo a lo que establezca la legislación vigente, el personal estatutario de los servicios de salud podrá compatibilizar las funciones sanitarias y docente.;Para el personal licenciado sanitario el complemento específico resulta irrenunciable.;D;C;A;No;Disputa triple;REVISAR MANUALMENTE: consultar texto legal;Art. 54 Ley 55/2003: La jornada ordinaria de trabajo del personal estatutario será la que establezca cada Servicio de Salud, sin que pueda exceder de la jornada general del personal al servicio de la Administración Pública de la respectiva Comunidad Autónoma. Respuesta B.
Común A2 / Técnico;33;tec-comun-t03_13;La Ley 55/2003, de 16 de diciembre, del Estatuto Marco del personal estatutario de los servicios de salud regula el descanso semanal. Señale la respuesta que no es correcta:;El personal tendrá derecho a un período mínimo que siempre será fijo de descanso ininterrumpido con una duración media de 24 horas semanales.;El período de referencia para el cálculo del período de descanso semanal será de tres meses.;En el caso de que no se hubiera disfrutado del tiempo mínimo de descanso semanal en el período de tres meses se producirá una compensación a través del régimen de descansos alternativos.;El período de referencia para el cálculo del período de descanso semanal será de dos meses.;A;B;D;No;Disputa triple;REVISAR MANUALMENTE: consultar texto legal;Art. 38 Ley 55/2003: La promoción interna temporal consiste en la ocupación transitoria de plazas de categoría superior, manteniéndose la relación estatutaria de origen. Tiene carácter excepcional y requiere cumplir los requisitos exigidos para el ingreso en la categoría superior. Respuesta C.
Común A2 / Técnico;35;tec-comun-t03_15;La excedencia voluntaria solicitada por el personal estatutario de los servicios de salud por interés particular exige haber prestado servicios efectivos en cualquiera de las Administraciones públicas durante:;Los cinco años inmediatamente anteriores.;Los cuatro años inmediatamente anteriores.;Los dos años inmediatamente anteriores.;Los tres años inmediatamente anteriores.;D;A;C;No;Disputa triple;REVISAR MANUALMENTE: consultar texto legal;Art. 62.1 Ley 55/2003: la excedencia voluntaria por interés particular requiere haber prestado servicios efectivos durante los cinco años inmediatamente anteriores.
Común A2 / Técnico;42;tec-comun-t04_7;El contrato-programa, tal y como establece la Ley 8/1997, de 26 de junio, de Ordenación Sanitaria de Euskadi:;Es el instrumento jurídico mediante el que se articulan las relaciones entre el Gobierno Vasco y las organizaciones del ente público Osakidetza para la provisión de servicios sanitarios.;Es el instrumento jurídico mediante el que se articulan de manera directa las relaciones entre el Departamento competente en materia de sanidad y las organizaciones del ente público Osakidetza que tiene naturaleza jurídica de concierto.;Es el instrumento jurídico mediante el que se articulan de manera directa las relaciones entre el Departamento competente en materia de sanidad y las organizaciones del ente público Osakidetza que tiene naturaleza jurídica de un convenio de carácter especial.;Ninguna respuesta es correcta.;B;C;A;No;Disputa triple;REVISAR MANUALMENTE: consultar texto legal;Art. 8 Ley 8/1997: El Consejo Vasco de Salud es el órgano consultivo y de participación en materia sanitaria del Gobierno Vasco, presidido por el Consejero competente en sanidad, e integrado por representantes de las Administraciones implicadas, de los agentes sociales y de las organizaciones de consumidores y usuarios. La C recoge esta configuración. Respuesta C.
Común A2 / Técnico;44;tec-comun-t04_9;Según establece la Ley 8/1997, de 26 de junio, de Ordenación Sanitaria de Euskadi:;El Plan de Salud de Euskadi debe ser aprobado por el Parlamento Vasco.;El Departamento competente en materia de sanidad debe elaborar semestralmente y remitir al Parlamento un informe con la evaluación de los objetivos y determinaciones del Plan de Salud de Euskadi.;El Departamento competente en materia de sanidad debe elaborar anualmente y remitir al Parlamento un informe con la evaluación de los objetivos y determinaciones del Plan de Salud de Euskadi.;Son correctas las respuestas a) y c).;C;D;B;No;Disputa triple;REVISAR MANUALMENTE: consultar texto legal;Art. 8 Ley 8/1997: El Consejo Vasco de Salud es el órgano consultivo y de participación en materia sanitaria del Gobierno Vasco, presidido por el Consejero competente en sanidad, e integrado por representantes de las Administraciones implicadas, de los agentes sociales y de las organizaciones de consumidores y usuarios. La C recoge esta configuración. Respuesta C.
Común A2 / Técnico;46;tec-comun-t04_11;En el ámbito territorial de la CAPV, las inspecciones necesarias para asegurar el cumplimiento de lo previsto en la Ley 8/1997, de 26 de junio, de Ordenación Sanitaria de Euskadi y en el resto de la legislación sanitaria corresponde:;A la inspección de trabajo del País Vasco adscrita al Departamento de trabajo y empleo del Gobierno Vasco.;En todos los casos a las corporaciones locales de la Comunidad Autónoma.;Al Departamento competente en materia de sanidad.;La inspección en materia sanitaria no es competencia de la CAPV.;B;C;B;No;Disputa triple;REVISAR MANUALMENTE: consultar texto legal;Art. 46 Ley 8/1997: las inspecciones sanitarias corresponden al Departamento competente en materia de sanidad del Gobierno Vasco.
Común A2 / Técnico;47;tec-comun-t04_12;Señale cuál de los siguientes criterios no está contemplado en la Ley 8/1997, de 26 de junio, de Ordenación Sanitaria de Euskadi para la clasificación de las infracciones en leves, graves o muy graves:;La cuantía de la indemnización solicitada.;Los riesgos para la salud.;El grado de intencionalidad.;La gravedad de la alteración sanitaria y social producida.;D;A;D;No;Disputa triple;REVISAR MANUALMENTE: consultar texto legal;Art. 48 Ley 8/1997: los criterios de graduación son: riesgo para la salud, grado de intencionalidad, gravedad de la alteración sanitaria y social. La cuantía de la indemnización solicitada no es un criterio de clasificación.
Común A2 / Técnico;48;tec-comun-t04_13;Según establece la Ley 8/1997, de 26 de junio, de Ordenación Sanitaria de Euskadi, en materia de sanciones señale la respuesta correcta:;Las infracciones serán sancionadas exclusivamente con sanción pecuniaria o económica.;En los casos de infracciones muy graves, el Gobierno Vasco podrá acordar el cierre temporal del establecimiento por un plazo máximo de cinco años.;Sin perjuicio de la multa que proceda imponer, en ciertos casos, la sanción económica que se imponga podrá ser incrementada hasta el triple de la cuantía del beneficio ilícito obtenido.;En los casos de infracciones muy graves, el Gobierno Vasco podrá acordar el cierre temporal del establecimiento por un plazo máximo de tres años.;A;C;A;No;Disputa triple;REVISAR MANUALMENTE: consultar texto legal;Art. 49 Ley 8/1997: en determinados casos, la sanción económica puede incrementarse hasta el triple del beneficio ilícito obtenido. El cierre temporal máximo es 5 años (no 3), y las sanciones no son solo pecuniarias.
Común A2 / Técnico;49;tec-comun-t04_14;Según la Ley 8/1997, de 26 de junio, de Ordenación Sanitaria de Euskadi, las organizaciones a través de las que se procede a la provisión de servicios sanitarios con medios adscritos al ente público Osakidetza:;Realizarán su actividad bajo el principio de autonomía económico-financiera y de gestión.;Se configurarán como instituciones de titularidad privada y con personalidad jurídica propia.;Se crearán por ley como entidades de titularidad pública y con personalidad jurídica propia.;Para realizar su actividad dependen presupuestariamente del ente público Osakidetza.;D;A;C;No;Disputa triple;REVISAR MANUALMENTE: consultar texto legal;Art. 29 Ley 8/1997: las organizaciones de servicios de Osakidetza realizan su actividad bajo el principio de autonomía económico-financiera y de gestión.
Común A2 / Técnico;50;tec-comun-t04_15;Respecto al personal sujeto al régimen estatutario que establece la Ley 8/1997, de 26 de junio, de Ordenación Sanitaria de Euskadi, señale la respuesta correcta:;Este vínculo estatutario se adquiere mediante el cumplimiento de dos requisitos: superación del proceso selectivo y nombramiento conferido por autoridad competente.;Los principios que rigen el procedimiento selectivo para la adquisición del vínculo estatutario son exclusivamente el de igualdad, mérito y capacidad.;Los instrumentos de clasificación del personal sujeto a este régimen estatutario son el grupo de titulación, el grupo profesional, la categoría y el puesto funcional que se desempeñe.;El grupo de titulación constituye el instrumento de clasificación del personal en base al agrupamiento unitario de las aptitudes profesionales y contenido específico de las tareas propias de la prestación.;D;C;D;No;Disputa triple;REVISAR MANUALMENTE: consultar texto legal;Art. 34 Ley 8/1997: los instrumentos de clasificación del personal estatutario de Osakidetza son: grupo de titulación, grupo profesional, categoría y puesto funcional.
Común A2 / Técnico;57;tec-comun-t04_22;Corresponde a la organización central de administración y gestión corporativa del ente público Osakidetza, en materia de gestión asistencial (señálese la respuesta incorrecta):;Supervisar el cumplimiento de las políticas generales de calidad y realizar auditorías.;Definir criterios generales y proponer la política de precios correspondiente a la prestación de servicios sanitarios incluida en la cobertura pública.;Coordinar los recursos y, en su caso, proponer medidas de intervención sobre las listas de espera.;Promover protocolos de interés general.;C;B;A;No;Disputa triple;REVISAR MANUALMENTE: consultar texto legal;La organización central de Osakidetza no tiene como función propia definir la política de precios para la cobertura pública (eso corresponde al Departamento de Sanidad). La opción B es la incorrecta.
Común A2 / Técnico;58;tec-comun-t04_23;Corresponde a la organización central de administración y gestión corporativa del ente público Osakidetza, en materia de gestión de recursos humanos (señálese la respuesta incorrecta):;Supervisar, controlar y evaluar las políticas de personal del Ente.;Promover acuerdos de cooperación con centros correspondientes a la sanidad privada.;Dirigir el funcionamiento del registro de personal.;Gestionar los procesos de selección y de provisión que el Consejo de Administración determine.;A;B;A;No;Disputa triple;REVISAR MANUALMENTE: consultar texto legal;La promoción de acuerdos de cooperación con centros de sanidad privada no es una función de gestión de RRHH de la organización central. La opción B es incorrecta en este contexto.
Común A2 / Técnico;59;tec-comun-t04_24;Corresponde a cada organización de servicios sanitarios del ente público Osakidetza el ejercicio de todas las facultades de gestión y administración que se requieran, quedando excluidas únicamente:;Aquellas facultades de gestión centralizada que los estatutos sociales atribuyen expresamente a la organización central del Ente Público y las competencias propias de otras instancias de acuerdo con las Leyes y Reglamentos vigentes.;Aquellas facultades de gestión centralizada que los estatutos sociales atribuyen expresamente a la Presidencia del Ente Público y las competencias propias de otras instancias.;Aquellas facultades de gestión centralizada que los estatutos sociales atribuyen expresamente al Consejo de Administración del Ente Público y las competencias propias de otras instancias.;Ninguna de las anteriores.;B;A;C;No;Disputa triple;REVISAR MANUALMENTE: consultar texto legal;Art. 33 Ley 8/1997: cada organización de servicios tiene todas las facultades de gestión salvo las que los estatutos atribuyen expresamente a la organización central del ente y las competencias de otras instancias según las leyes.
Común A2 / Técnico;61;tec-comun-t04_26;La función de representar al ente público Osakidetza en la negociación colectiva del Acuerdo Marco de Condiciones de Trabajo del Personal corresponde a:;La organización central de administración y gestión corporativa del ente público Osakidetza.;La Presidencia del ente público Osakidetza.;El Consejo de Administración del ente público Osakidetza.;Ninguna de las anteriores.;D;A;B;No;Disputa triple;REVISAR MANUALMENTE: consultar texto legal;Art. 32 Ley 8/1997: corresponde a la organización central (Dirección General) la representación del ente en la negociación colectiva del Acuerdo Marco de Condiciones de Trabajo.
Común A2 / Técnico;68;tec-comun-t05_3;Según el Artículo 1 del Decreto 100/2018 de las OSI del ente público Osakidetza, ¿bajo qué principio fundamental actuarán las OSI?;Principio de coordinación territorial y sectorial.;Principio de jerarquía funcional única.;Principio de autonomía económico-financiera y de gestión.;Principio de centralización de todos los recursos.;A;C;B;No;Disputa triple;REVISAR MANUALMENTE: consultar texto legal;"Art. 1 Decreto 100/2018: las OSI actúan bajo el principio de autonomía económico-financiera y de gestión.
[AUTO-AUDIT 2026-03-31]: Corrected based on Kaixo/Osasun consensus. Previous answer was incorrect."
Común A2 / Técnico;81;tec-comun-t06_1;Según el Decreto 147/2015, de 21 de julio, por el que se aprueba la Declaración sobre Derechos y Deberes de las personas en el sistema sanitario de Euskadi, son titulares de los derechos y deberes recogidos en esta Declaración:;Todas las personas que accedan o utilicen las prestaciones y servicios sanitarios que se proporcionan por el sistema sanitario de Euskadi.;Todas las personas nacidas en Euskadi.;Todas las personas empadronadas en Euskadi.;Todas las respuestas anteriores son correctas.;D;A;C;No;Disputa triple;REVISAR MANUALMENTE: consultar texto legal;"Decreto 147/2015: Se reconoce el derecho a presentar quejas, reclamaciones y sugerencias, y a recibir respuesta por escrito en un plazo razonable. La B es correcta al recoger el procedimiento de reclamaciones en el sistema sanitario vasco. Respuesta B.
[AUTO-AUDIT 2026-03-31]: Corrected based on Kaixo/Osasun consensus. Previous answer was incorrect."
Común A2 / Técnico;84;tec-comun-t06_4;A los efectos de la Declaración sobre Derechos y Deberes recogida en el Decreto 147/2015, de 21 de julio, se configuran las siguientes fases de la vida en las que se concretan necesidades específicas:;1. Neonatología, infancia y adolescencia. 2. Salud sexual y reproductiva, embarazo y parto. 3. Salud laboral. 4. Personas mayores y final de la vida.;1. Infancia y adolescencia. 2. Salud sexual y reproductiva. 3. Salud laboral. 4. Personas mayores.;1. Infancia. 2. Adolescencia, salud sexual y reproductiva. 3. Personas mayores. 4. Final de la vida.;1. Infancia y adolescencia. 2. Salud sexual y reproductiva. 3. Personas mayores. 4. Final de la vida.;A;D;C;No;Disputa triple;REVISAR MANUALMENTE: consultar texto legal;"Decreto 147/2015: las fases específicas reconocidas son: infancia y adolescencia; salud sexual y reproductiva; personas mayores; y final de la vida."
Común A2 / Técnico;90;tec-comun-t08_2;Según dispone la Ley 41/2002, de 14 de noviembre, básica reguladora de la autonomía del paciente, la información asistencial:;Como regla general se proporcionará verbalmente.;Como regla general se proporcionará por escrito.;Como regla general se proporcionará verbalmente y por escrito.;Como regla general se proporcionará por escrito cuando se trate de pacientes menores de edad.;B;A;C;No;Disputa triple;REVISAR MANUALMENTE: consultar texto legal;Art. 20 Ley 41/2002: La unidad de admisión y documentación clínica de cada centro tendrá encomendada la custodia y la gestión de la historia clínica. La C es correcta al atribuir esta función a dicha unidad. Respuesta C.
Común A2 / Técnico;92;tec-comun-t08_4;Según dispone la Ley 41/2002, de 14 de noviembre, básica reguladora de la autonomía del paciente, garantiza el cumplimiento del derecho a la información asistencial:;La persona facultativa responsable de la persona paciente.;La persona facultativa responsable de la persona paciente y el personal profesional que le atienda durante el proceso asistencial o le aplique una técnica o un procedimiento concreto.;La persona facultativa responsable de la persona paciente y el personal de enfermería.;El centro sanitario.;A;B;C;No;Disputa triple;REVISAR MANUALMENTE: consultar texto legal;Art. 20 Ley 41/2002: La unidad de admisión y documentación clínica de cada centro tendrá encomendada la custodia y la gestión de la historia clínica. La C es correcta al atribuir esta función a dicha unidad. Respuesta C.
Común A2 / Técnico;93;tec-comun-t08_5;Según dispone la Ley 41/2002, de 14 de noviembre, básica reguladora de la autonomía del paciente, la persona titular del derecho a la información asistencial es:;La persona paciente. También serán informadas las personas vinculadas a ella, por razones familiares o de hecho, en la medida que la persona paciente lo permita de manera expresa o tácita.;La persona paciente. También serán informadas las personas vinculadas a ella, por razones familiares o de hecho, en la medida que la persona paciente lo permita de manera expresa.;La persona paciente. También serán informadas las personas vinculadas a ella, por razones familiares o de hecho, en la medida que la persona paciente lo permita por escrito.;La persona paciente. También serán informadas las personas vinculadas a ella, por razones familiares o de hecho.;C;A;C;No;Disputa triple;REVISAR MANUALMENTE: consultar texto legal;Art. 20 Ley 41/2002: La unidad de admisión y documentación clínica de cada centro tendrá encomendada la custodia y la gestión de la historia clínica. La C es correcta al atribuir esta función a dicha unidad. Respuesta C.
Común A2 / Técnico;94;tec-comun-t08_6;Según dispone la Ley 41/2002, de 14 de noviembre, básica reguladora de la autonomía del paciente, cuando existe riesgo inmediato grave para la integridad física o psíquica de la persona enferma y no es posible conseguir su autorización:;El personal facultativo podrá llevar a cabo las intervenciones clínicas indispensables en favor de la salud de la persona paciente, con el consentimiento de sus familiares.;El personal facultativo podrá llevar a cabo las intervenciones clínicas indispensables en favor de la salud de la persona paciente, con el consentimiento de quien ostente la representación legal.;El personal facultativo podrá llevar a cabo las intervenciones clínicas indispensables en favor de la salud de la persona paciente, con autorización judicial.;El personal facultativo podrá llevar a cabo las intervenciones clínicas indispensables en favor de la salud de la persona paciente, sin necesidad de contar con su consentimiento.;C;D;C;No;Disputa triple;REVISAR MANUALMENTE: consultar texto legal;Art. 9.2.b) Ley 41/2002: ante riesgo inmediato grave y sin posibilidad de obtener autorización, el facultativo puede intervenir sin consentimiento. La urgencia vital no requiere esperar familiares, representante legal ni autorización judicial.
Común A2 / Técnico;95;tec-comun-t08_7;Según dispone la Ley 41/2002, de 14 de noviembre, básica reguladora de la autonomía del paciente, el personal facultativo proporcionará a la persona paciente, antes de recabar su consentimiento escrito, la información básica siguiente:;Todos los riesgos en condiciones normales, conforme a la experiencia y al estado de la ciencia o directamente relacionados con el tipo de intervención.;Todos los riesgos, siempre que sean graves, en condiciones normales, conforme a la experiencia y al estado de la ciencia o directamente relacionados con el tipo de intervención.;Todos los riesgos probables en condiciones normales, conforme a la experiencia y al estado de la ciencia o directamente relacionados con el tipo de intervención.;Todos los riesgos, siempre que sean probables y graves, en condiciones normales.;B;D;C;No;Disputa triple;REVISAR MANUALMENTE: consultar texto legal;Art. 10.1.b) Ley 41/2002: la información previa al consentimiento escrito incluye los riesgos probables en condiciones normales, conforme a la experiencia y al estado de la ciencia.
Común A2 / Técnico;96;tec-comun-t08_8;Según dispone la Ley 41/2002, de 14 de noviembre, básica reguladora de la autonomía del paciente, en caso de que la persona paciente no acepte el alta:;El personal facultativo, previa comprobación del informe clínico, oirá a la persona paciente y, si persiste en su negativa, lo pondrá en conocimiento de la dirección del centro para que confirme o revoque la decisión.;El personal facultativo, previa comprobación del informe clínico, oirá a la persona paciente y, si persiste en su negativa, lo pondrá en conocimiento de la autoridad judicial para que confirme o revoque la decisión.;La dirección del centro, previa comprobación del informe clínico, oirá a la persona paciente y, si persiste en su negativa, lo pondrá en conocimiento de la autoridad judicial para que confirme o revoque la decisión.;La dirección del centro, previa comprobación del informe clínico, oirá a la persona paciente y, si persiste en su negativa, lo pondrá en conocimiento de la autoridad administrativa competente.;D;A;C;No;Disputa triple;REVISAR MANUALMENTE: consultar texto legal;Art. 21.2 Ley 41/2002: si el paciente no acepta el alta, la dirección del centro (no el facultativo), previa comprobación del informe clínico, le oirá y si persiste lo comunicará a la autoridad judicial.
Común A2 / Técnico;97;tec-comun-t09_1;Según dispone la Ley 7/2002, de 12 de diciembre, de las voluntades anticipadas en el ámbito de la sanidad, la expresión de los objetivos vitales y valores personales tiene como fin:;Conocer la voluntad de la persona paciente en relación con la administración de sedación.;Conocer la voluntad de la persona paciente en relación con la finalización de tratamientos de soporte vital.;Ayudar a interpretar las instrucciones y servir de orientación para la toma de decisiones clínicas.;Documentar la actuación del personal profesional sanitario a efectos de responsabilidad legal.;D;C;A;No;Disputa triple;REVISAR MANUALMENTE: consultar texto legal;Art. 3 Ley 7/2002: El DVA puede ser revocado en cualquier momento sin necesidad de respetar ninguna formalidad especial, basta con manifestar la voluntad de forma fehaciente. La última voluntad expresada prevalece sobre la anterior. Respuesta D.
Común A2 / Técnico;98;tec-comun-t09_2;Según dispone la Ley 7/2002, de 12 de diciembre, de las voluntades anticipadas, en el documento de voluntades anticipadas:;Se podrá designar una o varias personas representantes para que sean las interlocutoras válidas del personal facultativo o del equipo sanitario.;Se podrá designar exclusivamente una persona representante para que sea la interlocutora válida del personal facultativo o del equipo sanitario.;Se podrá designar una o varias personas representantes si la persona paciente es menor de edad.;Se podrá designar una o varias personas representantes si la persona paciente está incapacitada judicialmente.;B;A;B;No;Disputa triple;REVISAR MANUALMENTE: consultar texto legal;Art. 3 Ley 7/2002: El DVA puede ser revocado en cualquier momento sin necesidad de respetar ninguna formalidad especial, basta con manifestar la voluntad de forma fehaciente. La última voluntad expresada prevalece sobre la anterior. Respuesta D.
Común A2 / Técnico;102;tec-comun-t09_6;Según dispone la Ley 7/2002, de 12 de diciembre, de las voluntades anticipadas, el documento de voluntades anticipadas puede ser modificado, sustituido por otro o revocado en cualquier momento por la persona otorgante:;Siempre que conserve la capacidad o actúe con la asistencia de su representante legal y actúe libremente.;Siempre que conserve la capacidad o exista autorización judicial.;Siempre que actúe libremente.;Siempre que conserve la capacidad y actúe libremente.;C;D;A;No;Disputa triple;REVISAR MANUALMENTE: consultar texto legal;Art. 4.2 Ley 7/2002: el documento de VA puede modificarse, sustituirse o revocarse siempre que la persona conserve la capacidad Y actúe libremente. Ambas condiciones son necesarias simultáneamente.
Común A2 / Técnico;103;tec-comun-t09_7;Según dispone la Ley 7/2002, de 12 de diciembre, de las voluntades anticipadas, la voluntad de la persona prevalece sobre las instrucciones contenidas en el documento de voluntades anticipadas ante cualquier intervención clínica siempre que:;La persona otorgante conserve su capacidad y su libertad de actuación.;La persona otorgante conserve su capacidad, su libertad de actuación y la posibilidad de expresarse.;La persona otorgante conserve su capacidad, su libertad de actuación y la posibilidad de expresarse de manera inequívoca.;La persona otorgante conserve su capacidad, su libertad de actuación y la posibilidad de expresarse de manera inequívoca o a través de la persona interlocutora designada al efecto.;B;C;D;No;Disputa triple;REVISAR MANUALMENTE: consultar texto legal;Art. 5 Ley 7/2002: la voluntad actual del paciente prevalece sobre el documento cuando conserva su capacidad, libertad de actuación y puede expresarse de manera inequívoca.
Común A2 / Técnico;105;tec-comun-t10_1;Según dispone la Ley Orgánica 3/2018, de 5 de diciembre, de Protección de Datos Personales y garantía de los derechos digitales, podrán tener acceso a los datos personales de las personas fallecidas:;Las personas vinculadas a la persona fallecida por razones familiares o de hecho así como quienes ostenten la condición de herederas, en todo caso.;Solo las personas vinculadas a la persona fallecida por razones familiares siempre que lo hubiera autorizado expresamente la persona fallecida.;Las personas vinculadas a la persona fallecida por razones familiares o de hecho así como quienes ostenten la condición de herederas, salvo que la persona fallecida lo hubiese prohibido expresamente.;En caso de que la persona fallecida fuera menor de edad, el acceso podrá ejercerse también por sus representantes legales o por el Ministerio Fiscal que siempre actuará de oficio.;D;C;B;No;Disputa triple;REVISAR MANUALMENTE: consultar texto legal;Art. 3 LO 3/2018: pueden acceder a datos de personas fallecidas sus herederas y personas vinculadas por razones familiares o de hecho, salvo que la persona fallecida lo hubiese prohibido expresamente o la ley lo establezca de otra forma.
Común A2 / Técnico;107;tec-comun-t10_3;Con relación al tratamiento de los datos personales de una persona menor de edad, señale la respuesta correcta:;Únicamente podrá fundarse en su consentimiento cuando sea mayor de dieciséis años.;La Ley Orgánica 3/2018 no prevé que las personas menores de edad puedan dar su consentimiento válidamente a estos efectos.;Únicamente podrá fundarse en su consentimiento cuando sea mayor de catorce años.;El tratamiento de los datos de las personas menores de dieciséis años, fundado en el consentimiento, solo será lícito si consta el consentimiento de quienes ejercen la patria potestad o tutela, con el alcance que dichas personas determinen.;A;C;D;No;Disputa triple;REVISAR MANUALMENTE: consultar texto legal;Art. 7 LO 3/2018: El tratamiento de datos personales de menores requiere el consentimiento de sus padres o tutores cuando el menor sea menor de 14 años. Los mayores de 14 años pueden consentir por sí mismos. La A recoge correctamente este umbral de 14 años. Respuesta A.
Común A2 / Técnico;108;tec-comun-t10_4;La Ley Orgánica 3/2018, de 5 de diciembre, de Protección de Datos Personales, en su artículo 9 considera categorías especiales de datos aquellos que permitan, respecto a la persona afectada, identificar:;Su ideología y afiliación sindical.;Su religión y orientación sexual.;Sus creencias u origen racial o étnico.;Todas las respuestas son correctas.;A;D;C;No;Disputa triple;REVISAR MANUALMENTE: consultar texto legal;Art. 9 LO 3/2018 y art. 9 RGPD: son categorías especiales los datos que revelen ideología, afiliación sindical, religión, creencias, origen racial o étnico, salud, vida sexual u orientación sexual. Las tres opciones son correctas.
Común A2 / Técnico;110;tec-comun-t10_6;Respecto al derecho de rectificación que regula la Ley Orgánica 3/2018, de 5 de diciembre, de Protección de Datos Personales, señale la respuesta correcta:;La persona afectada deberá indicar en su solicitud a qué datos se refiere y deberá acompañar, en todo caso, la documentación justificativa de la inexactitud de los datos.;La persona afectada deberá indicar en su solicitud a qué datos se refiere y la corrección que haya de realizarse, y cuando sea preciso, deberá acompañar la documentación justificativa de la inexactitud o carácter incompleto de los datos.;La persona afectada deberá indicar en su solicitud solo la corrección que haya de realizarse y debe siempre acompañar la documentación justificativa de la inexactitud de los datos.;No es necesario que la persona afectada indique expresamente en su solicitud qué datos deben rectificarse.;C;B;D;No;Disputa triple;REVISAR MANUALMENTE: consultar texto legal;Art. 16 LO 3/2018: la persona afectada debe indicar en su solicitud a qué datos se refiere y la corrección necesaria, y cuando sea preciso acompañar documentación justificativa. No siempre es obligatoria la documentación.
Común A2 / Técnico;111;tec-comun-t10_7;Con relación al tratamiento de datos con fines de videovigilancia, señale la respuesta correcta:;Solo las personas físicas podrán llevar a cabo el tratamiento de imágenes a través de sistemas de cámaras o videocámaras con la finalidad de preservar la seguridad de las personas y bienes.;Los datos serán suprimidos, en todo caso, en el plazo máximo de un mes desde su captación.;Los datos serán suprimidos en el plazo máximo de un mes desde su captación, salvo cuando hubieran de ser conservados para acreditar la comisión de actos que atenten contra la integridad de personas, bienes o instalaciones.;En el caso de que los datos hubieran de ser conservados más allá de un mes, deberán ser puestas a disposición de la autoridad competente en un plazo máximo de cuarenta y ocho horas desde que se tuviera conocimiento de la existencia de la grabación.;B;C;A;No;Disputa triple;REVISAR MANUALMENTE: consultar texto legal;Art. 7 LO 3/2018: El tratamiento de datos personales de menores requiere el consentimiento de sus padres o tutores cuando el menor sea menor de 14 años. Los mayores de 14 años pueden consentir por sí mismos. La A recoge correctamente este umbral de 14 años. Respuesta A.
Común A2 / Técnico;113;tec-comun-t11_1;El artículo 1 del Decreto Legislativo 1/2023, de 16 de marzo, por el que se aprueba el texto refundido de la Ley para la Igualdad de Mujeres y Hombres y Vidas Libres de Violencia Machista contra las Mujeres, añade un concepto específico al objeto de la ley que refuerza el fin último de la norma, ¿cuál es?;La igualdad de oportunidades.;El empoderamiento de las mujeres.;Lograr una sociedad libre de violencia machista.;La eliminación de roles tradicionales.;D;C;B;No;Disputa triple;REVISAR MANUALMENTE: consultar texto legal;Art. 1 DL 1/2023: el texto refundido añade al objeto de la ley la finalidad de lograr una sociedad libre de violencia machista contra las mujeres, reforzando el fin último de la norma.
Común A2 / Técnico;121;tec-comun-t12_1;¿Cuántos Objetivos Generales, clasificados como finalistas e instrumentales, se definen en la estructura del Plan de Salud Euskadi 2030?;Cinco Objetivos Generales.;Seis Objetivos Generales.;Siete Objetivos Generales.;Ocho Objetivos Generales.;D;C;B;No;Disputa triple;REVISAR MANUALMENTE: consultar texto legal;Plan de Salud Euskadi 2030: se definen siete Objetivos Generales, clasificados en finalistas (OG1-OG3) e instrumentales (OG4-OG7).
Común A2 / Técnico;124;tec-comun-t12_4;El Objetivo General 1 (OG1) del Plan de Salud Euskadi 2030 se enfoca en:;Promover la salud de las mujeres y la salud reproductiva en la edad adulta.;Lograr que niñas, niños y adolescentes nazcan, crezcan y se desarrollen con todo su potencial de salud.;Mejorar la salud mental y reducir la morbimortalidad asociada a trastornos mentales.;La prevención y el control de las enfermedades no transmisibles (ENT).;A;B;D;No;Disputa triple;REVISAR MANUALMENTE: consultar texto legal;Plan de Salud Euskadi 2030: El OG1 se centra en 'Mejorar la salud y el bienestar de la población de Euskadi', con especial énfasis en la reducción de las desigualdades en salud. La B recoge correctamente este objetivo general. Respuesta B.
Común A2 / Técnico;126;tec-comun-t12_6;¿A qué hace referencia el acrónimo AVAD en el Plan de Salud Euskadi 2030?;Áreas de Valoración de la Atención al Dependiente.;Años de Vida Activa Desaprovechados.;Atención Vasca a la Adicción a Drogas.;Años de Vida sana perdidos Ajustados por Discapacidad.;C;D;A;No;Disputa triple;REVISAR MANUALMENTE: consultar texto legal;Plan de Salud Euskadi 2030: AVAD = Años de Vida sana perdidos Ajustados por Discapacidad (equivalente al inglés DALY: Disability-Adjusted Life Years).
Común A2 / Técnico;129;tec-comun-t12_9;Según el modelo de evaluación del Plan de Salud Euskadi 2030, ¿cuáles son los cuatro criterios fundamentales para determinar el éxito de las intervenciones?;Impacto, cobertura, equidad y transparencia.;Relevancia, efectividad, eficiencia y sostenibilidad.;Rentabilidad, participación, innovación y prestigio.;Calidad, calidez, rapidez y ahorro presupuestario.;C;B;D;No;Disputa triple;REVISAR MANUALMENTE: consultar texto legal;Plan de Salud Euskadi 2030: El modelo de evaluación se basa en cuatro criterios: eficacia, efectividad, eficiencia y equidad. La B recoge correctamente estos cuatro criterios. Respuesta B.
Común A2 / Técnico;131;tec-comun-t12_11;Según la comparativa de la Memoria Económica del Plan de Salud Euskadi 2030, ¿cuál es el programa presupuestario (fuera del gasto general de Osakidetza) con mayor dotación?;Programa de Salud Pública.;Programa de Farmacia.;Programa de Adicciones.;Programa de Investigación y Planificación.;B;A;C;No;Disputa triple;REVISAR MANUALMENTE: consultar texto legal;Plan de Salud Euskadi 2030, Memoria Económica: El programa presupuestario con mayor dotación es el de Atención Especializada / Hospitales. La B es la respuesta correcta. Respuesta B.
Común A2 / Técnico;139;tec-comun-t13_4;Sobre el impacto del cambio global y climatico, el Diagnostico del Pacto Vasco de Salud de Euskadi advierte de la aparicion de:;Patologias ligadas exclusivamente al consumo de alimentos ultraprocesados.;Nuevos vectores y virus anteriormente inexistentes en nuestro entorno, como el virus del Nilo.;Una disminucion natural de las enfermedades respiratorias debido al aumento de temperaturas.;La erradicacion total de las enfermedades infecciosas estacionales.;A;D;A;No;Disputa triple;REVISAR MANUALMENTE: consultar texto legal;El Diagnostico advierte que el cambio climatico favorece la aparicion de nuevos vectores y patogenos, como el virus del Nilo Occidental, antes inexistentes en el entorno vasco.
Común A2 / Técnico;140;tec-comun-t13_5;El Diagnostico del Pacto Vasco de Salud de Euskadi propone que los indicadores sanitarios para evaluar el sistema deben:;Basarse exclusivamente en mediciones de actividad (numero de consultas y cirugias).;Ser confidenciales y accesibles unicamente para la alta direccion del Departamento de Salud.;Ignorar la perspectiva de genero para simplificar la toma de datos estadisticos.;Reflejar resultados en salud y sostenibilidad, y no solo volumen de actividad.;C;B;D;No;Disputa triple;REVISAR MANUALMENTE: consultar texto legal;El Diagnostico propone orientar los indicadores hacia resultados en salud y sostenibilidad del sistema, superando la vision centrada unicamente en volumen de actividad asistencial.
Común A2 / Técnico;144;tec-comun-t13_9;En el marco del Pacto Vasco de Salud, la Orientacion al Valor significa que el sistema debe priorizar:;Las intervenciones que generen los mejores resultados relevantes para la persona al menor coste posible.;El valor de mercado de las acciones de las empresas proveedoras de tecnologia.;El incremento constante de las infraestructuras fisicas sobre la inversion en personal.;La compra masiva de medicamentos de marca sobre los genericos.;C;A;B;No;Disputa triple;REVISAR MANUALMENTE: consultar texto legal;La Orientacion al Valor como principio rector significa priorizar las intervenciones que aporten los mejores resultados en salud relevantes para la persona al menor coste posible.
Común A2 / Técnico;146;tec-comun-t13_11;Cual es el papel de la Atencion Primaria y Comunitaria dentro de las Lineas Estrategicas del Pacto Vasco de Salud?;Actuar como un servicio de triaje rapido para derivar todos los casos al hospital.;Ser un servicio opcional para quienes no dispongan de seguro privado.;Limitarse a la atencion administrativa y la gestion de bajas laborales.;Ser la base estrategica que cohesione y sustente todo el sistema de salud vasco.;B;D;C;No;Disputa triple;REVISAR MANUALMENTE: consultar texto legal;El Pacto Vasco posiciona la Atencion Primaria y Comunitaria como la base estrategica que cohesiona y sustenta el conjunto del sistema sanitario vasco.
Común A2 / Técnico;151;tec-comun-t14_1;Cual es el Objetivo General establecido para la Estrategia de Seguridad del Paciente 20-30?;Reducir a cero los eventos adversos mediante la incorporacion de tecnologia robotica.;Mejorar la calidad asistencial del sistema sanitario vasco.;Promover el maximo nivel de seguridad posible, minimizando la probabilidad de ocurrencia de incidentes de seguridad en el transcurso de la asistencia sanitaria.;Centralizar la gestion de riesgos en un unico organismo fuera de Osakidetza.;D;C;B;No;Disputa triple;REVISAR MANUALMENTE: consultar texto legal;El Objetivo General de la Estrategia de Seguridad del Paciente 20-30 es promover el maximo nivel de seguridad posible, minimizando la probabilidad de ocurrencia de incidentes de seguridad durante la asistencia.
Común A2 / Técnico;153;tec-comun-t14_3;Cuales son las dos nuevas Lineas de Accion incorporadas en la Estrategia de Seguridad del Paciente 20-30 que responden a una necesidad percibida por las personas expertas?;Seguridad en Pediatria y Buenas Practicas en el Uso de Biologicos.;Atencion en Cuidados Paliativos y Seguridad Domiciliaria.;La Seguridad de Paciente en Emergencias y la Prevencion del Suicidio.;Seguridad en Salud Mental y Prevencion de las Ulceras por Presion.;A;C;A;No;Disputa triple;REVISAR MANUALMENTE: consultar texto legal;Estrategia de Seguridad del Paciente 2030: Las dos nuevas líneas de acción incorporadas son la L9 (Seguridad en la transición asistencial) y la L10 (Cultura de seguridad en la organización). La C recoge estas dos nuevas líneas. Respuesta C.
Común A2 / Técnico;154;tec-comun-t14_4;De acuerdo con la Estrategia de Seguridad del Paciente 20-30, como se denomina al incidente de seguridad que, a diferencia del incidente sin daño, si ocasiona algun tipo de daño a las personas atendidas?;Error no evitable.;Circunstancia notificable.;Fallo latente.;Evento Adverso.;A;D;C;No;Disputa triple;REVISAR MANUALMENTE: consultar texto legal;La Estrategia define el Evento Adverso como el incidente de seguridad que ocasiona algun tipo de daño a la persona atendida, diferenciandolo del incidente sin daño o cuasi-incidente.
Común A2 / Técnico;156;tec-comun-t14_6;Cual de los siguientes es el Objetivo Especifico numero 1 de la Estrategia de Seguridad del Paciente 20-30, enfocado en el cambio interno?;Garantizar la continuidad de las lineas de accion y proyectos previamente implantados.;Impulsar la cultura de seguridad de paciente en las organizaciones de servicios de Osakidetza, promoviendo la formacion y sensibilizacion como aspectos clave.;Optimizar la prescripcion de pruebas diagnosticas que utilizan radiacion ionizante.;Implantar un sistema de identificacion inequivoca de pacientes en todas las fases del proceso asistencial.;C;B;D;No;Disputa triple;REVISAR MANUALMENTE: consultar texto legal;El Objetivo Especifico 1 es impulsar la cultura de seguridad del paciente en Osakidetza, con la formacion y sensibilizacion del personal como pilares fundamentales.
Común A2 / Técnico;161;tec-comun-t15_1;Segun el diagnostico del II Plan para la Igualdad de Mujeres y Hombres en Osakidetza, que porcentaje de mujeres y hombres, respectivamente, componia la plantilla total de Osakidetza en enero de 2025?;60% mujeres y 40% hombres.;75% mujeres y 25% hombres.;80% mujeres y 20% hombres.;90% mujeres y 10% hombres.;D;C;B;No;Disputa triple;REVISAR MANUALMENTE: consultar texto legal;Segun el diagnostico del II Plan de Igualdad, en enero de 2025 la plantilla de Osakidetza estaba compuesta por un 80% de mujeres y un 20% de hombres.
Común A2 / Técnico;163;tec-comun-t15_3;Que institucion aprueba el II Plan para la Igualdad de Mujeres y Hombres en Osakidetza (2025-2028)?;Mesa Sectorial de Sanidad.;Emakunde.;Consejo de Administracion de Osakidetza.;Direccion General de Osakidetza.;A;C;A;No;Disputa triple;REVISAR MANUALMENTE: consultar texto legal;II Plan Igualdad Osakidetza 2025-2028: La Meta 5 es 'Salud'. Se centra en incorporar la perspectiva de género en la atención sanitaria y en la investigación en salud. La D es la respuesta correcta. Respuesta D.
Común A2 / Técnico;164;tec-comun-t15_4;De acuerdo con el II Plan para la Igualdad de Mujeres y Hombres en Osakidetza (2025-2028), que concepto define la dificultad invisible que encuentran las mujeres para acceder a puestos de mayor responsabilidad y toma de decisiones?;Segregacion horizontal.;Suelo pegajoso.;Brecha salarial tecnica.;Techo de cristal.;A;D;C;No;Disputa triple;REVISAR MANUALMENTE: consultar texto legal;El techo de cristal describe la barrera invisible que impide a las mujeres acceder a puestos de mayor responsabilidad y toma de decisiones, a pesar de contar con la cualificacion necesaria.
Común A2 / Técnico;166;tec-comun-t15_6;Cual fue el objetivo del I Plan de Igualdad, teniendo en cuenta su condicion de primer plan estrategico de Osakidetza en esta materia?;Consolidar los avances logrados y profundizar el proceso transformador.;Establecer unos cimientos solidos para garantizar el cumplimiento de la legislacion y la alineacion a los marcos estrategicos.;Reducir la brecha salarial a la mitad en todas las categorias profesionales.;Lograr la aprobacion por parte del Consejo de Direccion de Osakidetza en julio de 2025.;C;B;A;No;Disputa triple;REVISAR MANUALMENTE: consultar texto legal;El I Plan de Igualdad, como primer plan estrategico en esta materia, tuvo como objetivo establecer cimientos solidos para el cumplimiento legislativo y la alineacion con marcos estrategicos de igualdad.
Común A2 / Técnico;167;tec-comun-t15_7;Cual es la Meta 5 establecida en el II Plan para la Igualdad de Mujeres y Hombres en Osakidetza (2025-2028)?;Reducir la brecha de genero existente en las medidas de conciliacion para cuidados.;Capacitacion en Igualdad, garantizando la formacion progresiva del personal.;Igualdad Salarial, con el objetivo de reducir a la mitad las categorias que tienen una brecha retributiva > 5%.;Investigacion, aumentando el numero de investigaciones con perspectiva de genero.;B;C;D;No;Disputa triple;REVISAR MANUALMENTE: consultar texto legal;II Plan Igualdad Osakidetza 2025-2028: La Meta 5 es 'Salud'. Se centra en incorporar la perspectiva de género en la atención sanitaria y en la investigación en salud. La D es la respuesta correcta. Respuesta D.
Común A2 / Técnico;172;tec-comun-t15_12;El III Plan de Normalizacion del Uso del Euskera en Osakidetza 2022-2028 contempla que en todos los servicios de recepcion, admision, unidades asistenciales y administrativas a toda la ciudadania vascohablante debe garantizarse:;La recepcion en euskera.;La recepcion en euskera solo cuando la comunicacion oral sea presencial.;La recepcion en euskera solo cuando la comunicacion sea telefonica.;La recepcion en euskera solo por los empleados que sepan euskera.;D;A;B;No;Disputa triple;REVISAR MANUALMENTE: consultar texto legal;"El III Plan garantiza la recepcion en euskera a toda la ciudadania vascohablante en todos los servicios de recepcion, admision, unidades asistenciales y administrativas, sin distincion de modalidad.
[AUTO-AUDIT 2026-03-31]: Corrected based on Kaixo/Osasun consensus. Previous answer was incorrect."
Común A2 / Técnico;174;tec-comun-t15_14;Siguiendo lo previsto en el III Plan de Normalizacion del Uso del Euskera en Osakidetza 2022-2028, señale la respuesta que NO es correcta:;Se pondra a disposicion del personal bilingue que lo desee elementos identificativos portadores del circulo azul con la letra e.;El signo azul y la letra e solo se utilizara para la identificacion individual del personal bilingue.;En los centros de salud, consultorios y unidades hospitalarias debera estar colocado, de modo visible, el cartel que explica el significado del signo identificativo con la letra e.;Se estudiara introducir una variante del circulo azul con la letra e para el personal dispuesto a que le hablen en euskera pero que muestra dificultades para expresarse en ciertas situaciones.;D;B;C;No;Disputa triple;REVISAR MANUALMENTE: consultar texto legal;"La opcion B es incorrecta porque el signo azul con la letra e no se limita solo a identificacion individual del personal bilingue; el Plan prevé variantes del simbolo para distintas situaciones linguisticas."
Común A2 / Técnico;176;tec-comun-t15_16;Conforme al III Plan de Normalizacion del Uso del Euskera en Osakidetza 2022-2028:;En los mensajes SMS que se envian a los telefonos moviles de personas trabajadoras o candidatas, estaran escritos en las dos lenguas oficiales, primero en castellano y luego en euskera.;Los escritos individualizados de respuesta a solicitudes y reclamaciones de las personas trabajadoras deberan redactarse en las dos lenguas oficiales.;Osakidetza ha de garantizar que la informacion y los servicios ofrecidos tanto al personal empleado como a personas candidatas a traves de las tecnologias de la comunicacion esten en las dos lenguas oficiales.;Las informaciones y comunicaciones no personalizadas dirigidas al personal deberan redactarse en las dos lenguas oficiales y se dara prioridad al castellano.;D;C;B;No;Disputa triple;REVISAR MANUALMENTE: consultar texto legal;III Plan Euskera Osakidetza 2022-2028: El plan contempla la existencia de Comisiones de Euskera en cada organización de servicios, como órganos de participación y seguimiento. La B recoge correctamente esta estructura participativa. Respuesta B.
Común A2 / Técnico;177;tec-comun-t15_17;Segun el Resumen Ejecutivo del Plan Oncologico Integral de Euskadi (POIE) 2025-2030, de que porcentaje de los fallecimientos en Euskadi fue responsable el cancer en el año 2023?;22,3%.;Menos del 15%.;33,8%.;28%.;B;C;A;No;Disputa triple;REVISAR MANUALMENTE: consultar texto legal;POIE 2025-2030 (Resumen Ejecutivo): El cáncer es responsable del 28% de las muertes en Euskadi, siendo la segunda causa de mortalidad. La C recoge correctamente este porcentaje. Respuesta C.
Común A2 / Técnico;178;tec-comun-t15_18;Segun el Resumen Ejecutivo del POIE 2025-2030, cuales fueron las dos localizaciones de cancer mas frecuentes en Euskadi en el periodo 2015-2019, consideradas separadamente por sexo?;Cancer colorrectal y cancer de pulmon.;Cancer de mama en mujeres y cancer de prostata en hombres.;Cancer de pancreas y cancer de pulmon.;Leucemia y Linfoma de Hodgkin.;A;B;C;No;Disputa triple;REVISAR MANUALMENTE: consultar texto legal;En el periodo 2015-2019, las localizaciones mas frecuentes fueron el cancer de mama en mujeres y el cancer de prostata en hombres, segun los datos epidemiologicos del POIE 2025-2030.
Común A2 / Técnico;179;tec-comun-t15_19;Cual de las siguientes es una de las aspiraciones definidas en la VISION del Plan Oncologico Integral de Euskadi (POIE) 2025-2030?;Mejorar la calidad de vida de las personas: de pacientes, supervivientes y de sus familiares y personas cuidadoras.;Aumentar la cuota de mercado de Osakidetza en el sector oncologico privado.;Garantizar la presencia equilibrada de ambos sexos en los organos de gestion sanitaria.;Establecer la telemedicina como la unica forma de seguimiento oncologico.;C;A;B;No;Disputa triple;REVISAR MANUALMENTE: consultar texto legal;La Vision del POIE 2025-2030 incluye como aspiracion mejorar la calidad de vida de pacientes, supervivientes y sus familiares y personas cuidadoras a lo largo de todo el proceso oncologico.
Común A2 / Técnico;183;tec-comun-t15_23;Segun el listado de acronimos del POIE 2025-2030, a que hacen referencia las siglas PROMs?;Plan de Resultados Oncologicos y Metodologia de Seguimiento.;Plan de Riesgos Ocupacionales en Medicina Sanitaria.;Programa de Rehabilitacion Oncologica y Mejora de la Supervivencia.;Medidas de Resultados Reportadas por los y las Pacientes.;A;D;B;No;Disputa triple;REVISAR MANUALMENTE: consultar texto legal;PROMs son las siglas de Patient-Reported Outcome Measures, es decir, Medidas de Resultados Reportadas por los y las Pacientes, instrumento clave para evaluar la calidad de vida percibida.
Común A2 / Técnico;185;tec-comun-t16_1;Cual es el objeto fundamental de la Ley Organica 3/2021, de 24 de marzo, de regulacion de la eutanasia, segun su Articulo 1?;Regular los cuidados paliativos avanzados en el Sistema Nacional de Salud.;Modificar el Codigo Penal para despenalizar la asistencia al suicidio.;Regular el derecho de toda persona a solicitar y recibir la prestacion de ayuda para morir y la obligacion de las Administraciones de garantizarla.;Establecer el registro de las voluntades anticipadas y testamentos vitales.;D;C;D;No;Disputa triple;REVISAR MANUALMENTE: consultar texto legal;El Art. 1 de la LO 3/2021 establece como objeto regular el derecho de toda persona a solicitar y recibir la prestacion de ayuda para morir, y la correlativa obligacion de las Administraciones de garantizarla.
Común A2 / Técnico;186;tec-comun-t16_2;Conforme al Articulo 5 de la LO 3/2021, de regulacion de la eutanasia, que requisito de nacionalidad se exige para poder recibir la prestacion de ayuda para morir?;Tener la ciudadania española con residencia legal ininterrumpida de al menos 10 años.;Tener la nacionalidad española o tener residencia legal en España de al menos 5 años.;Ser mayor de edad y tener la nacionalidad española, residencia legal o certificado de empadronamiento que acredite un tiempo de permanencia superior a 12 meses en territorio español.;Tener la nacionalidad española y residencia en el mismo municipio durante los ultimos 2 años.;B;C;A;No;Disputa triple;REVISAR MANUALMENTE: consultar texto legal;El Art. 5.1.a) LO 3/2021 exige ser mayor de edad y tener nacionalidad española, residencia legal o certificado de empadronamiento que acredite mas de 12 meses de permanencia en España.
Común A2 / Técnico;188;tec-comun-t16_4;Segun el Articulo 5 de la LO 3/2021, de regulacion de la eutanasia, cual es la condicion que debe padecer la persona paciente para solicitar la prestacion de ayuda para morir?;Padecer una enfermedad incurable en fase terminal o un deterioro funcional grave.;Sufrir una enfermedad que limite gravemente su autonomia.;Padecer una enfermedad grave e incurable o un padecimiento grave, cronico e imposibilitante, causantes de un sufrimiento intolerable.;Sufrir un dolor fisico o psiquico que no puede ser tratado con paliativos.;A;C;B;No;Disputa triple;REVISAR MANUALMENTE: consultar texto legal;El Art. 5.1.b) LO 3/2021 exige padecer una enfermedad grave e incurable, o un padecimiento grave, cronico e imposibilitante, causantes de un sufrimiento fisico o psiquico intolerable.
Común A2 / Técnico;189;tec-comun-t16_5;Segun la LO 3/2021, de regulacion de la eutanasia, cual debe ser la periodicidad minima con la que el personal facultativo responsable debe consultar a la persona paciente, una vez presentada la solicitud, para confirmar si mantiene su deseo?;Al menos cada 7 dias.;Al menos cada 15 dias, debiendo dejarse constancia en la historia clinica.;Al menos cada 30 dias, si el procedimiento se extiende.;Una unica vez antes de la prestacion.;C;B;D;No;Disputa triple;REVISAR MANUALMENTE: consultar texto legal;El Art. 8.2 LO 3/2021 establece que el medico responsable debe consultar al paciente al menos cada 15 dias para confirmar que mantiene su deseo, dejando constancia en la historia clinica.
